"File Name","MD5 Signature","Compressed Size (bytes)","Size (bytes)"
"ApplicationConfig.zip","9e6ce8a71b433d3e6802b3438b418c2d","407","388"
"BuiltInPlugins.zip","b2d1ef65a2d6bd85e81a7b0e10047355","101953345","102040049"
"BuiltInStandalonePlugins.zip","c41fd84b5a2802a479a6bfcc643866b4","104399784","104500631"
"content-api-docs.zip","cfd9a87669f81ce3a0612ae342e64e33","24878547","244319130"
"content-avatar.zip","62e414b0f47c1553aa458201d8212858","398719","1676822"
"content-configs.zip","4f4c9d8cec0d24ea75a5850e2f437c3c","306514","1805511"
"content-fonts.zip","7071af81f7fad1d26ec29b7699f2d96f","5944830","12192571"
"content-models.zip","b0eaea6e38883c2f552ebfc3c49a66a7","620166","1413471"
"content-platform-dictionaries.zip","e90e79d9e1684e52378e9e9b8c40d651","423809","1427253"
"content-platform-fonts.zip","8f379ec2b22ff106b837d79f7fdbf0d8","13686751","16427228"
"content-qt_translations.zip","9ac41564393da36084990e6dd9d08f50","650142","2218403"
"content-sky.zip","1d0390337d1a4a58e5514be1a9481ad6","2448711","4304365"
"content-sounds.zip","eb9dd4d0637fd6ae21747e6b6a281d21","470471","499208"
"content-studio_svg_textures.zip","3824fe9021a2e4feb2a3b9222df05e76","7163482","6326431"
"content-terrain.zip","fe7b3ecee91e83f9fade72e8b0f4d47f","4807","47610"
"content-textures2.zip","7261e58eb4c49c6ebdad1ff1171a3360","5738076","5985469"
"content-textures3.zip","10461fdfb35f35cca13dbe35dcf21343","3716441","8780146"
"extracontent-luapackages.zip","b973765a24f319c049dd65bb6126cbaf","9827073","34859832"
"extracontent-models.zip","3f2f49618128fd828c1b353d0b3d633b","16045892","16191456"
"extracontent-scripts.zip","a8a0c30b9eb2a0a158dc89d73c9b2631","3093987","9760801"
"extracontent-textures.zip","8b51abc8ab8054a9eb519b3408c7bd1d","5862990","6297041"
"extracontent-translations.zip","05ad996224bf0ecb21cd232070fbbd2b","610717","1919259"
"Libraries.zip","49c655e3e5f94fe24860baddf15c6601","6006732","14964016"
"LibrariesQt5.zip","2973b412a2ccb6f489af8ae775f343e3","8607966","20268032"
"Plugins.zip","645d3a264b132fd394f158b5c5212c7b","927300","2089472"
"redist.zip","ef9ef682cc92761cdcfff6614aaad325","1738657","4193416"
"RobloxStudio.zip","f384bfe38ee136079c74cf3388782614","118010438","254561450"
"shaders.zip","5ea6d67868506baa039fdc217dc3432d","13804098","87591776"
"ssl.zip","04f90d4209d54acfaed3524ec99a9ff1","130569","228725"
"studiocontent-models.zip","6b068c7b9041ba046c47239c0028aea6","207417","760909"
"studiocontent-textures.zip","d178966148d64aa1305d660681b146f1","9138810","9331790"
"StudioFonts.zip","a9ab0fb1b76e33f406e92991b71f3646","106114757","133918371"
"WebView2.zip","19deefeeec7cc81f572136eb01327af8","83405","166000"
"WebView2RuntimeInstaller.zip","33edb5a4ed7ff2d851b009472d14d59d","1532149","1636484"
